Node,Timestamp,Parameter,Value_raw,Value_hrf
001e06109416,2018/06/04 02:14:30,concentration,2058,NA
001e06109416,2018/06/04 02:14:30,intensity,NA,56.72
001e0610fb4c,2018/06/04 02:14:30,intensity,824,NA
001e06113a48,2018/06/04 02:14:30,intensity,NA,62.74
001e0610ba15,2018/06/04 02:14:31,pm2_5,NA,NA
001e0610ba15,2018/06/04 02:14:31,concentration,778,NA
001e0610ba15,2018/06/04 02:14:31,intensity,NA,68.76
001e0610ba46,2018/06/04 02:14:31,concentration,741,NA
001e0610ba46,2018/06/04 02:14:31,intensity,NA,56.72
001e0610e538,2018/06/04 02:14:31,intensity,NA,56.72
001e06114503,2018/06/04 02:14:31,concentration,820,NA
001e06114503,2018/06/04 02:14:31,intensity,NA,66.26
001e0610e809,2018/06/04 02:14:32,intensity,726,NA
001e0610ee43,2018/06/04 02:14:32,concentration,1582,NA
001e0610ee43,2018/06/04 02:14:32,intensity,NA,62.74
001e0610f730,2018/06/04 02:14:32,intensity,822,NA
001e0611536c,2018/06/04 02:14:32,intensity,NA,66.26
001e0610ee41,2018/06/04 02:14:33,intensity,818,NA
001e0610f732,2018/06/04 02:14:33,concentration,322,NA
001e0610f732,2018/06/04 02:14:33,intensity,NA,56.72
001e06113d22,2018/06/04 02:14:33,intensity,NA,68.76
001e0610bbe5,2018/06/04 02:14:34,intensity,NA,56.72
001e0611462f,2018/06/04 02:14:34,intensity,NA,66.26
001e0610bc10,2018/06/04 02:14:35,pm2_5,NA,NA
001e0610bc10,2018/06/04 02:14:35,concentration,1043,NA
001e0610bc10,2018/06/04 02:14:35,intensity,NA,62.74
001e0610f8f4,2018/06/04 02:14:35,intensity,NA,68.76
001e0610ee33,2018/06/04 02:14:37,concentration,1234,NA
001e0610ee33,2018/06/04 02:14:37,intensity,825,NA
001e0610ee61,2018/06/04 02:14:37,intensity,822,NA
001e06113f54,2018/06/04 02:14:37,concentration,1602,NA
001e06113f54,2018/06/04 02:14:37,intensity,NA,56.72
001e061146d6,2018/06/04 02:14:37,pm2_5,NA,NA
001e061146d6,2018/06/04 02:14:37,concentration,3357,NA
001e061146d6,2018/06/04 02:14:37,intensity,NA,62.74
001e06113d20,2018/06/04 02:14:38,intensity,NA,62.74
001e061144be,2018/06/04 02:14:38,pm2_5,NA,NA
001e061144be,2018/06/04 02:14:38,intensity,NA,62.74
001e061146bc,2018/06/04 02:14:38,intensity,NA,56.72
001e0610ef27,2018/06/04 02:14:39,intensity,824,NA
001e06113107,2018/06/04 02:14:39,pm2_5,NA,0.036
001e06113107,2018/06/04 02:14:39,concentration,687,NA
001e06113107,2018/06/04 02:14:39,intensity,NA,56.72
001e0610e539,2018/06/04 02:14:40,pm2_5,NA,NA
001e0610e539,2018/06/04 02:14:40,concentration,1221,NA
001e0610e539,2018/06/04 02:14:40,intensity,NA,66.26
001e06113cff,2018/06/04 02:14:40,pm2_5,NA,0.0
001e06113cff,2018/06/04 02:14:40,concentration,631,NA
001e06113cff,2018/06/04 02:14:40,intensity,NA,70.7
001e061146ba,2018/06/04 02:14:41,intensity,NA,56.72
001e0611537d,2018/06/04 02:14:41,intensity,NA,56.72
001e0610ef68,2018/06/04 02:14:42,intensity,NA,56.72
001e0610e532,2018/06/04 02:14:43,concentration,2583,NA
001e0610e532,2018/06/04 02:14:43,intensity,816,NA
001e0610eef2,2018/06/04 02:14:43,concentration,1738,NA
001e0610eef2,2018/06/04 02:14:43,intensity,NA,56.72
001e061135cb,2018/06/04 02:14:43,concentration,422,NA
001e061135cb,2018/06/04 02:14:43,intensity,822,NA
001e06114500,2018/06/04 02:14:43,pm2_5,NA,NA
001e06114500,2018/06/04 02:14:43,concentration,-170,NA
001e06114500,2018/06/04 02:14:43,intensity,NA,66.26
001e06114fcf,2018/06/04 02:14:43,concentration,1216,NA
001e06114fcf,2018/06/04 02:14:43,intensity,NA,62.74
001e06114fd4,2018/06/04 02:14:43,pm2_5,NA,NA
001e06114fd4,2018/06/04 02:14:43,concentration,1114,NA
001e06114fd4,2018/06/04 02:14:43,intensity,NA,56.72
001e06113ad8,2018/06/04 02:14:44,concentration,1809,NA
001e06113ad8,2018/06/04 02:14:44,intensity,NA,55.0
001e0610bc12,2018/06/04 02:14:45,concentration,1272,NA
001e0610bc12,2018/06/04 02:14:45,intensity,NA,56.72
001e0610e540,2018/06/04 02:14:45,intensity,823,NA
001e0610e835,2018/06/04 02:14:45,concentration,1385,NA
001e0610e835,2018/06/04 02:14:45,intensity,NA,56.72
001e06112e77,2018/06/04 02:14:45,concentration,717,NA
001e06112e77,2018/06/04 02:14:45,intensity,NA,56.72
001e06113ace,2018/06/04 02:14:45,intensity,NA,56.72
001e06115365,2018/06/04 02:14:45,concentration,2147,NA
001e06115365,2018/06/04 02:14:45,intensity,NA,66.26
001e0610ba8f,2018/06/04 02:14:46,intensity,816,NA
001e06113cf1,2018/06/04 02:14:46,concentration,1564,NA
001e06113cf1,2018/06/04 02:14:46,intensity,NA,66.26
001e06113dbc,2018/06/04 02:14:47,pm2_5,NA,NA
001e06113dbc,2018/06/04 02:14:47,concentration,-161,NA
001e06113dbc,2018/06/04 02:14:47,intensity,NA,66.26
001e0610bbff,2018/06/04 02:14:48,pm2_5,NA,NA
001e0610bbff,2018/06/04 02:14:48,intensity,NA,56.72
001e0610f05c,2018/06/04 02:14:48,pm2_5,NA,NA
001e0610f05c,2018/06/04 02:14:48,concentration,1205,NA
001e0610f05c,2018/06/04 02:14:48,intensity,NA,68.76
001e0610f6db,2018/06/04 02:14:49,concentration,-314,NA
001e0610f6db,2018/06/04 02:14:49,intensity,NA,56.72
001e06113acb,2018/06/04 02:14:49,pm2_5,NA,NA
001e06113acb,2018/06/04 02:14:49,concentration,1418,NA
001e06113acb,2018/06/04 02:14:49,intensity,NA,56.72
001e0610bbf9,2018/06/04 02:14:50,intensity,NA,56.72
001e0610ee5d,2018/06/04 02:14:50,intensity,NA,68.76
001e0610ee82,2018/06/04 02:14:50,concentration,2643,NA
001e0610ee82,2018/06/04 02:14:50,intensity,815,NA
001e061144c0,2018/06/04 02:14:50,pm2_5,NA,NA
001e061144c0,2018/06/04 02:14:50,concentration,728,NA
001e061144c0,2018/06/04 02:14:50,intensity,NA,62.74
001e0610e537,2018/06/04 02:14:51,concentration,2046,NA
001e0610e537,2018/06/04 02:14:51,intensity,NA,56.72
001e0610ee6f,2018/06/04 02:14:51,intensity,825,NA
001e0610eef4,2018/06/04 02:14:51,intensity,825,NA
001e0610ee36,2018/06/04 02:14:52,intensity,NA,56.72
001e0610ef73,2018/06/04 02:14:52,concentration,1642,NA
001e0610ef73,2018/06/04 02:14:52,intensity,823,NA
001e061130f4,2018/06/04 02:14:53,intensity,NA,55.0
001e0610f703,2018/06/04 02:14:54,concentration,136,NA
001e0610f703,2018/06/04 02:14:54,intensity,NA,56.72
001e06109416,2018/06/04 02:14:55,pm2_5,NA,NA
001e06109416,2018/06/04 02:14:55,concentration,1668,NA
001e06109416,2018/06/04 02:14:55,intensity,NA,55.0
001e0610e809,2018/06/04 02:14:55,intensity,726,NA
001e0611441e,2018/06/04 02:14:55,intensity,NA,55.0
001e0610ba15,2018/06/04 02:14:56,pm2_5,NA,NA
001e0610ba15,2018/06/04 02:14:56,concentration,730,NA
001e0610ba15,2018/06/04 02:14:56,intensity,NA,68.76
001e0610e538,2018/06/04 02:14:56,intensity,NA,62.74
001e0610fb4c,2018/06/04 02:14:56,intensity,824,NA
001e06113a48,2018/06/04 02:14:56,intensity,NA,56.72
001e06114503,2018/06/04 02:14:56,concentration,727,NA
001e06114503,2018/06/04 02:14:56,intensity,NA,66.26
001e0610ba46,2018/06/04 02:14:57,concentration,1005,NA
001e0610ba46,2018/06/04 02:14:57,intensity,NA,56.72
001e0610ee41,2018/06/04 02:14:57,intensity,818,NA
001e0610ee43,2018/06/04 02:14:58,concentration,1865,NA
001e0610ee43,2018/06/04 02:14:58,intensity,NA,66.26
001e0610f730,2018/06/04 02:14:58,intensity,822,NA
001e06113d22,2018/06/04 02:14:58,intensity,NA,68.76
001e0611536c,2018/06/04 02:14:58,intensity,NA,62.74
001e0610f732,2018/06/04 02:14:59,concentration,916,NA
001e0610f732,2018/06/04 02:14:59,intensity,NA,55.0
001e0611462f,2018/06/04 02:14:59,intensity,NA,68.76
001e0610bbe5,2018/06/04 02:15:00,intensity,NA,56.72
001e0610bc10,2018/06/04 02:15:00,pm2_5,NA,NA
001e0610bc10,2018/06/04 02:15:00,concentration,1024,NA
001e0610bc10,2018/06/04 02:15:00,intensity,NA,62.74
001e0610e539,2018/06/04 02:15:01,pm2_5,NA,NA
001e0610e539,2018/06/04 02:15:01,concentration,1248,NA
001e0610e539,2018/06/04 02:15:01,intensity,NA,68.76
001e0610ee61,2018/06/04 02:15:01,intensity,822,NA
001e0610f8f4,2018/06/04 02:15:01,intensity,NA,70.7
001e0610ef27,2018/06/04 02:15:02,intensity,824,NA
001e06113f54,2018/06/04 02:15:02,concentration,1441,NA
001e06113f54,2018/06/04 02:15:02,intensity,NA,55.0
001e061146d6,2018/06/04 02:15:02,pm2_5,NA,NA
001e061146d6,2018/06/04 02:15:02,concentration,2946,NA
001e061146d6,2018/06/04 02:15:02,intensity,NA,62.74
001e0610ee33,2018/06/04 02:15:03,concentration,1675,NA
001e0610ee33,2018/06/04 02:15:03,intensity,825,NA
001e06113d20,2018/06/04 02:15:03,intensity,NA,62.74
001e061144be,2018/06/04 02:15:03,pm2_5,NA,NA
001e061144be,2018/06/04 02:15:03,intensity,NA,62.74
001e061146bc,2018/06/04 02:15:03,intensity,NA,56.72
001e06113cff,2018/06/04 02:15:05,pm2_5,NA,0.005
001e06113cff,2018/06/04 02:15:05,concentration,1426,NA
001e06113cff,2018/06/04 02:15:05,intensity,NA,70.7
001e061135cb,2018/06/04 02:15:06,concentration,855,NA
001e061135cb,2018/06/04 02:15:06,intensity,822,NA
001e061146ba,2018/06/04 02:15:07,intensity,NA,56.72
001e0611537d,2018/06/04 02:15:07,intensity,NA,56.72
001e0610ef68,2018/06/04 02:15:08,intensity,NA,56.72
001e06113107,2018/06/04 02:15:08,pm2_5,NA,0.019
001e06113107,2018/06/04 02:15:08,concentration,919,NA
001e06113107,2018/06/04 02:15:08,intensity,NA,56.72
001e06114500,2018/06/04 02:15:08,pm2_5,NA,NA
001e06114500,2018/06/04 02:15:08,concentration,764,NA
001e06114500,2018/06/04 02:15:08,intensity,NA,66.26
001e06114fcf,2018/06/04 02:15:08,concentration,1617,NA
001e06114fcf,2018/06/04 02:15:08,intensity,NA,66.26
001e06114fd4,2018/06/04 02:15:08,pm2_5,NA,NA
001e06114fd4,2018/06/04 02:15:08,concentration,600,NA
001e06114fd4,2018/06/04 02:15:08,intensity,NA,55.0
001e0610ba8f,2018/06/04 02:15:09,intensity,816,NA
001e0610e532,2018/06/04 02:15:09,concentration,1661,NA
001e0610e532,2018/06/04 02:15:09,intensity,816,NA
001e0610eef2,2018/06/04 02:15:09,concentration,1258,NA
001e0610eef2,2018/06/04 02:15:09,intensity,NA,56.72
001e0610b9e9,2018/06/04 02:15:10,intensity,NA,56.72
001e0610bc12,2018/06/04 02:15:10,concentration,1251,NA
001e0610bc12,2018/06/04 02:15:10,intensity,NA,56.72
001e0610e540,2018/06/04 02:15:10,intensity,823,NA
001e0610e835,2018/06/04 02:15:10,concentration,1506,NA
001e0610e835,2018/06/04 02:15:10,intensity,NA,56.72
001e06113ad8,2018/06/04 02:15:10,concentration,1567,NA
001e06113ad8,2018/06/04 02:15:10,intensity,NA,56.72
001e06115365,2018/06/04 02:15:10,concentration,1788,NA
001e06115365,2018/06/04 02:15:10,intensity,NA,66.26
001e06112e77,2018/06/04 02:15:11,concentration,587,NA
001e06112e77,2018/06/04 02:15:11,intensity,NA,56.72
001e06113ace,2018/06/04 02:15:11,intensity,NA,56.72
001e06113cf1,2018/06/04 02:15:11,concentration,1564,NA
001e06113cf1,2018/06/04 02:15:11,intensity,NA,62.74
001e06113dbc,2018/06/04 02:15:12,pm2_5,NA,NA
001e06113dbc,2018/06/04 02:15:12,concentration,258,NA
001e06113dbc,2018/06/04 02:15:12,intensity,NA,62.74
001e0610bbff,2018/06/04 02:15:13,pm2_5,NA,NA
001e0610bbff,2018/06/04 02:15:13,intensity,NA,56.72
001e0610ee82,2018/06/04 02:15:13,concentration,2765,NA
001e0610ee82,2018/06/04 02:15:13,intensity,815,NA
001e0610eef4,2018/06/04 02:15:14,intensity,825,NA
001e0610f6db,2018/06/04 02:15:14,concentration,202,NA
001e0610f6db,2018/06/04 02:15:14,intensity,NA,56.72
001e06113acb,2018/06/04 02:15:14,pm2_5,NA,NA
001e06113acb,2018/06/04 02:15:14,concentration,1222,NA
001e06113acb,2018/06/04 02:15:14,intensity,NA,62.74
001e0610bbf9,2018/06/04 02:15:15,intensity,NA,56.72
001e0610ee5d,2018/06/04 02:15:15,intensity,NA,68.76
001e0610ee6f,2018/06/04 02:15:15,intensity,825,NA
001e0610ef73,2018/06/04 02:15:15,concentration,968,NA
001e0610ef73,2018/06/04 02:15:15,intensity,823,NA
001e061144c0,2018/06/04 02:15:15,pm2_5,NA,NA
001e061144c0,2018/06/04 02:15:15,concentration,-227,NA
001e061144c0,2018/06/04 02:15:15,intensity,NA,66.26
001e0610e537,2018/06/04 02:15:16,concentration,2205,NA
001e0610e537,2018/06/04 02:15:16,intensity,NA,56.72
001e0610ee36,2018/06/04 02:15:17,intensity,NA,56.72
001e0610f05c,2018/06/04 02:15:17,pm2_5,NA,NA
001e0610f05c,2018/06/04 02:15:17,concentration,1334,NA
001e0610f05c,2018/06/04 02:15:17,intensity,NA,68.76
001e0610e809,2018/06/04 02:15:18,intensity,726,NA
001e061130f4,2018/06/04 02:15:18,intensity,NA,56.72
001e0610f703,2018/06/04 02:15:19,concentration,-261,NA
001e0610f703,2018/06/04 02:15:19,intensity,NA,56.72
001e0610fb4c,2018/06/04 02:15:19,intensity,824,NA
001e06109416,2018/06/04 02:15:20,pm2_5,NA,NA
001e06109416,2018/06/04 02:15:20,concentration,1636,NA
001e06109416,2018/06/04 02:15:20,intensity,NA,55.0
001e0611441e,2018/06/04 02:15:20,intensity,NA,56.72
001e0610ba15,2018/06/04 02:15:21,pm2_5,NA,NA
001e0610ba15,2018/06/04 02:15:21,concentration,805,NA
001e0610ba15,2018/06/04 02:15:21,intensity,NA,68.76
001e0610ee41,2018/06/04 02:15:21,intensity,818,NA
001e0610f730,2018/06/04 02:15:21,intensity,822,NA
001e06114503,2018/06/04 02:15:21,concentration,-101,NA
001e06114503,2018/06/04 02:15:21,intensity,NA,62.74
001e0610ba46,2018/06/04 02:15:22,concentration,1136,NA
001e0610ba46,2018/06/04 02:15:22,intensity,NA,56.72
001e0610e538,2018/06/04 02:15:22,intensity,NA,62.74
001e06113a48,2018/06/04 02:15:22,intensity,NA,62.74
001e0610ee43,2018/06/04 02:15:23,concentration,1698,NA
001e0610ee43,2018/06/04 02:15:23,intensity,NA,66.26
001e0610f732,2018/06/04 02:15:24,concentration,1568,NA
001e0610f732,2018/06/04 02:15:24,intensity,NA,56.72
001e06113d22,2018/06/04 02:15:24,intensity,NA,66.26
001e0611462f,2018/06/04 02:15:24,intensity,NA,68.76
001e0611536c,2018/06/04 02:15:24,intensity,NA,66.26
001e0610bbe5,2018/06/04 02:15:25,intensity,NA,55.0
001e0610bc10,2018/06/04 02:15:25,pm2_5,NA,NA
001e0610bc10,2018/06/04 02:15:25,concentration,1121,NA
001e0610bc10,2018/06/04 02:15:25,intensity,NA,66.26
001e0610ee61,2018/06/04 02:15:25,intensity,822,NA
001e0610e539,2018/06/04 02:15:26,pm2_5,NA,NA
001e0610e539,2018/06/04 02:15:26,concentration,1507,NA
001e0610e539,2018/06/04 02:15:26,intensity,NA,66.26
001e0610ee33,2018/06/04 02:15:26,concentration,1487,NA
001e0610ee33,2018/06/04 02:15:26,intensity,825,NA
001e0610ef27,2018/06/04 02:15:26,intensity,824,NA
001e0610f8f4,2018/06/04 02:15:27,intensity,NA,68.76
001e06113f54,2018/06/04 02:15:27,concentration,1165,NA
001e06113f54,2018/06/04 02:15:27,intensity,NA,55.0
001e061146d6,2018/06/04 02:15:27,pm2_5,NA,NA
001e061146d6,2018/06/04 02:15:27,concentration,2897,NA
001e061146d6,2018/06/04 02:15:27,intensity,NA,62.74
001e06113d20,2018/06/04 02:15:28,intensity,NA,62.74
001e061144be,2018/06/04 02:15:28,pm2_5,NA,NA
001e061144be,2018/06/04 02:15:28,intensity,NA,56.72
001e061146bc,2018/06/04 02:15:28,intensity,NA,62.74
001e06113cff,2018/06/04 02:15:30,pm2_5,NA,0.01
001e06113cff,2018/06/04 02:15:30,concentration,452,NA
001e06113cff,2018/06/04 02:15:30,intensity,NA,68.76
001e0610ba8f,2018/06/04 02:15:32,intensity,816,NA
001e0610e532,2018/06/04 02:15:32,concentration,2384,NA
001e0610e532,2018/06/04 02:15:32,intensity,816,NA
001e061135cb,2018/06/04 02:15:32,concentration,1130,NA
001e061135cb,2018/06/04 02:15:32,intensity,822,NA
001e0610e540,2018/06/04 02:15:33,intensity,823,NA
001e061146ba,2018/06/04 02:15:33,intensity,NA,56.72
001e06114fd4,2018/06/04 02:15:33,pm2_5,NA,NA
001e06114fd4,2018/06/04 02:15:33,concentration,1445,NA
001e06114fd4,2018/06/04 02:15:33,intensity,NA,55.0
001e0611537d,2018/06/04 02:15:33,intensity,NA,62.74
001e0610bc12,2018/06/04 02:15:34,concentration,453,NA
001e0610bc12,2018/06/04 02:15:34,intensity,NA,56.72
001e0610eef2,2018/06/04 02:15:34,concentration,1009,NA
001e0610eef2,2018/06/04 02:15:34,intensity,NA,56.72
001e0610ef68,2018/06/04 02:15:34,intensity,NA,56.72
001e06113107,2018/06/04 02:15:34,pm2_5,NA,0.031
001e06113107,2018/06/04 02:15:34,concentration,619,NA
001e06113107,2018/06/04 02:15:34,intensity,NA,56.72
001e06114fcf,2018/06/04 02:15:34,concentration,1616,NA
001e06114fcf,2018/06/04 02:15:34,intensity,NA,68.76
001e0610b9e9,2018/06/04 02:15:35,intensity,NA,56.72
001e0610e835,2018/06/04 02:15:35,concentration,1274,NA
001e0610e835,2018/06/04 02:15:35,intensity,NA,55.0
001e06113ad8,2018/06/04 02:15:35,concentration,1567,NA
001e06113ad8,2018/06/04 02:15:35,intensity,NA,56.72
001e06115365,2018/06/04 02:15:35,concentration,1379,NA
001e06115365,2018/06/04 02:15:35,intensity,NA,66.26
001e06112e77,2018/06/04 02:15:36,concentration,635,NA
001e06112e77,2018/06/04 02:15:36,intensity,NA,56.72
001e06113ace,2018/06/04 02:15:36,intensity,NA,56.72
001e06113cf1,2018/06/04 02:15:36,concentration,1231,NA
001e06113cf1,2018/06/04 02:15:36,intensity,NA,68.76
001e0610ee82,2018/06/04 02:15:37,concentration,2652,NA
001e0610ee82,2018/06/04 02:15:37,intensity,815,NA
001e0610eef4,2018/06/04 02:15:37,intensity,825,NA
001e06113dbc,2018/06/04 02:15:37,pm2_5,NA,NA
001e06113dbc,2018/06/04 02:15:37,concentration,456,NA
001e06113dbc,2018/06/04 02:15:37,intensity,NA,62.74
001e06114500,2018/06/04 02:15:37,pm2_5,NA,NA
001e06114500,2018/06/04 02:15:37,concentration,795,NA
001e06114500,2018/06/04 02:15:37,intensity,NA,62.74
001e0610bbff,2018/06/04 02:15:38,pm2_5,NA,NA
001e0610bbff,2018/06/04 02:15:38,intensity,NA,55.0
001e0610ef73,2018/06/04 02:15:38,concentration,872,NA
001e0610ef73,2018/06/04 02:15:38,intensity,823,NA
001e0610ee6f,2018/06/04 02:15:39,intensity,825,NA
001e0610f6db,2018/06/04 02:15:39,concentration,94,NA
001e0610f6db,2018/06/04 02:15:39,intensity,NA,56.72
001e06113acb,2018/06/04 02:15:39,pm2_5,NA,NA
001e06113acb,2018/06/04 02:15:39,concentration,2132,NA
001e06113acb,2018/06/04 02:15:39,intensity,NA,62.74
001e0610bbf9,2018/06/04 02:15:40,intensity,NA,56.72
001e0610ee5d,2018/06/04 02:15:40,intensity,NA,68.76
001e0610e537,2018/06/04 02:15:41,concentration,1371,NA
001e0610e537,2018/06/04 02:15:41,intensity,NA,55.0
001e061144c0,2018/06/04 02:15:41,pm2_5,NA,NA
001e061144c0,2018/06/04 02:15:41,concentration,615,NA
001e061144c0,2018/06/04 02:15:41,intensity,NA,62.74
001e0610ee36,2018/06/04 02:15:42,intensity,NA,56.72
001e0610f05c,2018/06/04 02:15:42,pm2_5,NA,NA
001e0610f05c,2018/06/04 02:15:42,concentration,1235,NA
001e0610f05c,2018/06/04 02:15:42,intensity,NA,68.76
001e0610fb4c,2018/06/04 02:15:42,intensity,824,NA
001e0610ba15,2018/06/04 02:15:43,pm2_5,NA,NA
001e0610ba15,2018/06/04 02:15:43,concentration,710,NA
001e0610ba15,2018/06/04 02:15:43,intensity,NA,68.76
001e061130f4,2018/06/04 02:15:43,intensity,NA,56.72
001e0610e809,2018/06/04 02:15:44,intensity,726,NA
001e0610f730,2018/06/04 02:15:44,intensity,822,NA
001e06109416,2018/06/04 02:15:45,pm2_5,NA,NA
001e06109416,2018/06/04 02:15:45,concentration,871,NA
001e06109416,2018/06/04 02:15:45,intensity,NA,55.0
001e0610ee41,2018/06/04 02:15:45,intensity,818,NA
001e0611441e,2018/06/04 02:15:46,intensity,NA,56.72
001e06114503,2018/06/04 02:15:46,concentration,422,NA
001e06114503,2018/06/04 02:15:46,intensity,NA,62.74
001e0610ba46,2018/06/04 02:15:47,concentration,1618,NA
001e0610ba46,2018/06/04 02:15:47,intensity,NA,56.72
001e06113a48,2018/06/04 02:15:47,intensity,NA,62.74
001e0610e538,2018/06/04 02:15:48,intensity,NA,56.72
001e0610ee43,2018/06/04 02:15:48,concentration,1937,NA
001e0610ee43,2018/06/04 02:15:48,intensity,NA,66.26
001e0610ee33,2018/06/04 02:15:49,concentration,2241,NA
001e0610ee33,2018/06/04 02:15:49,intensity,825,NA
001e0610ee61,2018/06/04 02:15:49,intensity,822,NA
001e0610f703,2018/06/04 02:15:49,concentration,818,NA
001e0610f703,2018/06/04 02:15:49,intensity,NA,56.72
001e0610f732,2018/06/04 02:15:49,concentration,1418,NA
001e0610f732,2018/06/04 02:15:49,intensity,NA,55.0
001e06113d22,2018/06/04 02:15:49,intensity,NA,66.26
001e0611462f,2018/06/04 02:15:49,intensity,NA,68.76
001e0610ef27,2018/06/04 02:15:50,intensity,824,NA
001e0611536c,2018/06/04 02:15:50,intensity,NA,62.74
001e0610bbe5,2018/06/04 02:15:51,intensity,NA,55.0
001e0610e539,2018/06/04 02:15:51,pm2_5,NA,NA
001e0610e539,2018/06/04 02:15:51,concentration,1703,NA
001e0610e539,2018/06/04 02:15:51,intensity,NA,68.76
001e0610f8f4,2018/06/04 02:15:52,intensity,NA,70.7
001e06113f54,2018/06/04 02:15:52,concentration,1632,NA
001e06113f54,2018/06/04 02:15:52,intensity,NA,56.72
001e06113d20,2018/06/04 02:15:53,intensity,NA,62.74
001e061144be,2018/06/04 02:15:53,pm2_5,NA,NA
001e061144be,2018/06/04 02:15:53,intensity,NA,62.74
001e061146bc,2018/06/04 02:15:53,intensity,NA,62.74
001e061146d6,2018/06/04 02:15:53,pm2_5,NA,NA
001e061146d6,2018/06/04 02:15:53,concentration,3259,NA
001e061146d6,2018/06/04 02:15:53,intensity,NA,56.72
001e0610bc10,2018/06/04 02:15:54,pm2_5,NA,NA
001e0610bc10,2018/06/04 02:15:54,concentration,705,NA
001e0610bc10,2018/06/04 02:15:54,intensity,NA,62.74
001e0610e532,2018/06/04 02:15:55,concentration,1792,NA
001e0610e532,2018/06/04 02:15:55,intensity,816,NA
001e061135cb,2018/06/04 02:15:55,concentration,1163,NA
001e061135cb,2018/06/04 02:15:55,intensity,822,NA
001e06113cff,2018/06/04 02:15:55,pm2_5,NA,0.005
001e06113cff,2018/06/04 02:15:55,concentration,415,NA
001e06113cff,2018/06/04 02:15:55,intensity,NA,68.76
001e0610ba8f,2018/06/04 02:15:56,intensity,816,NA
001e0610e540,2018/06/04 02:15:57,intensity,823,NA
001e061146ba,2018/06/04 02:15:58,intensity,NA,56.72
001e06114fd4,2018/06/04 02:15:58,pm2_5,NA,NA
001e06114fd4,2018/06/04 02:15:58,concentration,366,NA
001e06114fd4,2018/06/04 02:15:58,intensity,NA,55.0
001e0611537d,2018/06/04 02:15:58,intensity,NA,56.72
001e0610bc12,2018/06/04 02:15:59,concentration,865,NA
001e0610bc12,2018/06/04 02:15:59,intensity,NA,56.72
001e0610eef2,2018/06/04 02:15:59,concentration,366,NA
001e0610eef2,2018/06/04 02:15:59,intensity,NA,56.72
001e0610ef68,2018/06/04 02:15:59,intensity,NA,56.72
001e06113107,2018/06/04 02:15:59,pm2_5,NA,0.01
001e06113107,2018/06/04 02:15:59,concentration,1225,NA
001e06113107,2018/06/04 02:15:59,intensity,NA,56.72
001e06114fcf,2018/06/04 02:15:59,concentration,1850,NA
001e06114fcf,2018/06/04 02:15:59,intensity,NA,66.26
001e0610b9e9,2018/06/04 02:16:00,intensity,NA,56.72
001e06112e77,2018/06/04 02:16:00,concentration,96,NA
001e06112e77,2018/06/04 02:16:00,intensity,NA,56.72
001e06113ad8,2018/06/04 02:16:00,concentration,2271,NA
001e06113ad8,2018/06/04 02:16:00,intensity,NA,56.72
001e0610ee82,2018/06/04 02:16:01,concentration,1932,NA
001e0610ee82,2018/06/04 02:16:01,intensity,815,NA
001e06113cf1,2018/06/04 02:16:01,concentration,1057,NA
001e06113cf1,2018/06/04 02:16:01,intensity,NA,66.26
001e06115365,2018/06/04 02:16:01,concentration,908,NA
001e06115365,2018/06/04 02:16:01,intensity,NA,66.26
001e0610ef73,2018/06/04 02:16:02,concentration,485,NA
001e0610ef73,2018/06/04 02:16:02,intensity,823,NA
001e06113ace,2018/06/04 02:16:02,intensity,NA,56.72
001e06113dbc,2018/06/04 02:16:02,pm2_5,NA,NA
001e06113dbc,2018/06/04 02:16:02,concentration,553,NA
001e06113dbc,2018/06/04 02:16:02,intensity,NA,62.74
001e06114500,2018/06/04 02:16:02,pm2_5,NA,NA
001e06114500,2018/06/04 02:16:02,concentration,1054,NA
001e06114500,2018/06/04 02:16:02,intensity,NA,66.26
001e0610bbff,2018/06/04 02:16:03,pm2_5,NA,NA
001e0610bbff,2018/06/04 02:16:03,intensity,NA,56.72
001e0610ee6f,2018/06/04 02:16:03,intensity,825,NA
001e0610eef4,2018/06/04 02:16:03,intensity,825,NA
001e06113acb,2018/06/04 02:16:03,pm2_5,NA,NA
001e06113acb,2018/06/04 02:16:03,concentration,1774,NA
001e06113acb,2018/06/04 02:16:03,intensity,NA,62.74
001e0610f6db,2018/06/04 02:16:04,concentration,286,NA
001e0610f6db,2018/06/04 02:16:04,intensity,NA,56.72
001e0610bbf9,2018/06/04 02:16:05,intensity,NA,56.72
001e0610e835,2018/06/04 02:16:05,concentration,776,NA
001e0610e835,2018/06/04 02:16:05,intensity,NA,55.0
001e0610ee5d,2018/06/04 02:16:05,intensity,NA,68.76
001e0610fb4c,2018/06/04 02:16:05,intensity,824,NA
001e0610e537,2018/06/04 02:16:06,concentration,1428,NA
001e0610e537,2018/06/04 02:16:06,intensity,NA,56.72
001e061144c0,2018/06/04 02:16:06,pm2_5,NA,NA
001e061144c0,2018/06/04 02:16:06,concentration,836,NA
001e061144c0,2018/06/04 02:16:06,intensity,NA,62.74
001e0610e809,2018/06/04 02:16:07,intensity,726,NA
001e0610ee36,2018/06/04 02:16:07,intensity,NA,56.72
001e0610f05c,2018/06/04 02:16:08,pm2_5,NA,NA
001e0610f05c,2018/06/04 02:16:08,concentration,1771,NA
001e0610f05c,2018/06/04 02:16:08,intensity,NA,68.76
001e061130f4,2018/06/04 02:16:08,intensity,NA,56.72
001e06109416,2018/06/04 02:16:10,pm2_5,NA,NA
001e06109416,2018/06/04 02:16:10,concentration,395,NA
001e06109416,2018/06/04 02:16:10,intensity,NA,55.0
001e0610f730,2018/06/04 02:16:10,intensity,822,NA
001e0610ee41,2018/06/04 02:16:11,intensity,818,NA
001e06114503,2018/06/04 02:16:11,concentration,579,NA
001e06114503,2018/06/04 02:16:11,intensity,NA,62.74
001e0610ba15,2018/06/04 02:16:12,pm2_5,NA,NA
001e0610ba15,2018/06/04 02:16:12,concentration,1060,NA
001e0610ba15,2018/06/04 02:16:12,intensity,NA,68.76
001e0610ba46,2018/06/04 02:16:12,concentration,1340,NA
001e0610ba46,2018/06/04 02:16:12,intensity,NA,56.72
001e0611441e,2018/06/04 02:16:12,intensity,NA,55.0
001e0610e538,2018/06/04 02:16:13,intensity,NA,62.74
001e0610ee43,2018/06/04 02:16:13,concentration,1095,NA
001e0610ee43,2018/06/04 02:16:13,intensity,NA,66.26
001e0610ee61,2018/06/04 02:16:13,intensity,822,NA
001e06113a48,2018/06/04 02:16:13,intensity,NA,62.74
001e0610ef27,2018/06/04 02:16:14,intensity,824,NA
001e0610f703,2018/06/04 02:16:14,concentration,-2,NA
001e0610f703,2018/06/04 02:16:14,intensity,NA,68.76
001e0610f732,2018/06/04 02:16:14,concentration,1159,NA
001e0610f732,2018/06/04 02:16:14,intensity,NA,56.72
001e06113d22,2018/06/04 02:16:14,intensity,NA,66.26
001e0611462f,2018/06/04 02:16:14,intensity,NA,68.76
001e0610ee33,2018/06/04 02:16:15,concentration,1665,NA
001e0610ee33,2018/06/04 02:16:15,intensity,825,NA
001e0611536c,2018/06/04 02:16:15,intensity,NA,66.26
001e0610bbe5,2018/06/04 02:16:17,intensity,NA,55.0
001e0610e539,2018/06/04 02:16:17,pm2_5,NA,NA
001e0610e539,2018/06/04 02:16:17,concentration,1068,NA
001e0610e539,2018/06/04 02:16:17,intensity,NA,66.26
001e06113f54,2018/06/04 02:16:17,concentration,1121,NA
001e06113f54,2018/06/04 02:16:17,intensity,NA,55.0
001e0610f8f4,2018/06/04 02:16:18,intensity,NA,70.7
001e061135cb,2018/06/04 02:16:18,concentration,1858,NA
001e061135cb,2018/06/04 02:16:18,intensity,822,NA
001e06113d20,2018/06/04 02:16:18,intensity,NA,62.74
001e061144be,2018/06/04 02:16:18,pm2_5,NA,NA
001e061144be,2018/06/04 02:16:18,intensity,NA,62.74
001e061146bc,2018/06/04 02:16:18,intensity,NA,56.72
001e061146d6,2018/06/04 02:16:18,pm2_5,NA,NA
001e061146d6,2018/06/04 02:16:18,concentration,3640,NA
001e061146d6,2018/06/04 02:16:18,intensity,NA,62.74
001e0610ba8f,2018/06/04 02:16:20,intensity,816,NA
001e0610bc10,2018/06/04 02:16:20,pm2_5,NA,NA
001e0610bc10,2018/06/04 02:16:20,concentration,1080,NA
001e0610bc10,2018/06/04 02:16:20,intensity,NA,66.26
001e0610e532,2018/06/04 02:16:21,concentration,2236,NA
001e0610e532,2018/06/04 02:16:21,intensity,816,NA
001e0610e540,2018/06/04 02:16:21,intensity,823,NA
001e0610eef2,2018/06/04 02:16:24,concentration,1232,NA
001e0610eef2,2018/06/04 02:16:24,intensity,NA,56.72
001e06113107,2018/06/04 02:16:24,pm2_5,NA,0.069
001e06113107,2018/06/04 02:16:24,concentration,517,NA
001e06113107,2018/06/04 02:16:24,intensity,NA,56.72
001e06113cff,2018/06/04 02:16:24,pm2_5,NA,0.0
001e06113cff,2018/06/04 02:16:24,concentration,1003,NA
001e06113cff,2018/06/04 02:16:24,intensity,NA,68.76
001e061146ba,2018/06/04 02:16:24,intensity,NA,56.72
001e06114fcf,2018/06/04 02:16:24,concentration,2002,NA
001e06114fcf,2018/06/04 02:16:24,intensity,NA,66.26
001e06114fd4,2018/06/04 02:16:24,pm2_5,NA,NA
001e06114fd4,2018/06/04 02:16:24,concentration,911,NA
001e06114fd4,2018/06/04 02:16:24,intensity,NA,55.0
001e0611537d,2018/06/04 02:16:24,intensity,NA,62.74
001e0610b9e9,2018/06/04 02:16:25,intensity,NA,56.72
001e0610ee82,2018/06/04 02:16:25,concentration,1691,NA
001e0610ee82,2018/06/04 02:16:25,intensity,815,NA
001e0610ef68,2018/06/04 02:16:25,intensity,NA,56.72
001e06112e77,2018/06/04 02:16:25,concentration,-254,NA
001e06112e77,2018/06/04 02:16:25,intensity,NA,56.72
001e0610ee6f,2018/06/04 02:16:26,intensity,825,NA
001e0610eef4,2018/06/04 02:16:26,intensity,825,NA
001e0610ef73,2018/06/04 02:16:26,concentration,689,NA
001e0610ef73,2018/06/04 02:16:26,intensity,823,NA
001e06115365,2018/06/04 02:16:26,concentration,1384,NA
001e06115365,2018/06/04 02:16:26,intensity,NA,66.26
001e06113cf1,2018/06/04 02:16:27,concentration,1209,NA
001e06113cf1,2018/06/04 02:16:27,intensity,NA,66.26
001e06113dbc,2018/06/04 02:16:27,pm2_5,NA,NA
001e06113dbc,2018/06/04 02:16:27,concentration,1232,NA
001e06113dbc,2018/06/04 02:16:27,intensity,NA,62.74
001e06114500,2018/06/04 02:16:27,pm2_5,NA,NA
001e06114500,2018/06/04 02:16:27,concentration,1100,NA
001e06114500,2018/06/04 02:16:27,intensity,NA,66.26
001e0610bc12,2018/06/04 02:16:28,concentration,1244,NA
001e0610bc12,2018/06/04 02:16:28,intensity,NA,56.72
001e06113acb,2018/06/04 02:16:28,pm2_5,NA,NA
001e06113acb,2018/06/04 02:16:28,concentration,1070,NA
001e06113acb,2018/06/04 02:16:28,intensity,NA,62.74
001e06113ace,2018/06/04 02:16:28,intensity,NA,56.72
001e0610bbff,2018/06/04 02:16:29,pm2_5,NA,NA
001e0610bbff,2018/06/04 02:16:29,intensity,NA,55.0
001e0610f6db,2018/06/04 02:16:29,concentration,437,NA
001e0610f6db,2018/06/04 02:16:29,intensity,NA,56.72
001e0610fb4c,2018/06/04 02:16:29,intensity,824,NA
001e06113ad8,2018/06/04 02:16:29,concentration,1640,NA
001e06113ad8,2018/06/04 02:16:29,intensity,NA,56.72
001e0610bbf9,2018/06/04 02:16:30,intensity,NA,56.72
001e0610e809,2018/06/04 02:16:30,intensity,726,NA
001e0610e835,2018/06/04 02:16:30,concentration,698,NA
001e0610e835,2018/06/04 02:16:30,intensity,NA,56.72
001e0610ee5d,2018/06/04 02:16:30,intensity,NA,68.76
001e061144c0,2018/06/04 02:16:31,pm2_5,NA,NA
001e061144c0,2018/06/04 02:16:31,concentration,908,NA
001e061144c0,2018/06/04 02:16:31,intensity,NA,62.74